Index,First Name,City,Country,Subscription Date
1,Sheryl,East Leonard,Chile,24-08-2020
2,Preston,East Jimmychester,Djibouti,23-04-2021
3,Roy,Isabelborough,Antigua and Barbuda,25-03-2020
4,Linda,Bensonview,Dominican Republic,02-06-2020
5,Joanna,West Priscilla,Slovakia (Slovak Republic),17-04-2021
6,Aimee,Chavezborough,Bosnia and Herzegovina,25-02-2020
7,Darren,Lake Ana,Pitcairn Islands,24-08-2021
8,Brett,Kimport,Bulgaria,12-04-2021
9,Sheryl,Robersonstad,Cyprus,13-01-2020
10,Michelle,Elaineberg,Timor-Leste,08-11-2021
11,Carl,Shannonville,Guernsey,20-10-2021
12,Jenna,East Andrea,Vietnam,29-11-2020
13,Tracey,South Joannamouth,Togo,02-12-2021
14,Kristine,Jodyberg,Sri Lanka,08-02-2021
15,Faith,Burchbury,Singapore,26-01-2022
16,Miranda,Desireeshire,Oman,12-04-2022
17,Caroline,West Adriennestad,Western Sahara,10-03-2021
18,Greg,Lake Leslie,Mozambique,26-03-2022
19,Clifford,Harmonview,South Georgia and the South Sandwich Islands,24-09-2020
20,Joanna,Jamesshire,French Polynesia,24-09-2021
21,Maxwell,East Carly,Malta,12-01-2022
22,Kiara,South Alvin,Netherlands,15-09-2020
23,Colleen,Brittanyview,Paraguay,19-08-2020
24,Janet,Veronicamouth,Lao People's Democratic Republic,08-09-2020
25,Shane,Bryanville,Albania,06-04-2021
26,Marcus,Kaitlyntown,Panama,24-05-2022
27,Dakota,Michealshire,Belarus,20-02-2022
28,Frederick,South Marissatown,Switzerland,26-05-2022
29,Stefanie,Acevedoville,Saint Vincent and the Grenadines,30-07-2020
30,Kent,North Harold,Tanzania,26-04-2020
31,Jack,West Samuel,Zimbabwe,15-09-2021
32,Tom,Cunninghamborough,Denmark,13-01-2022
33,Gabriel,Port Annatown,Liechtenstein,24-04-2021
34,Kaitlyn,New Kaitlyn,United States of America,21-09-2021
35,Faith,West Marthaburgh,Bahamas,03-11-2021
36,Tammie,East Teresa,Belize,04-01-2022
37,Nicholas,South Hunter,Uruguay,10-08-2021
38,Jordan,South Walter,Solomon Islands,24-02-2021
39,Bruce,Poolefurt,Montenegro,22-10-2021
40,Sherry,West John,Poland,01-11-2021
41,Natalie,West Darius,Dominican Republic,10-10-2020
42,Bryan,North Jimstad,Burkina Faso,08-09-2021
43,Wayne,East Rebekahborough,Bolivia,13-12-2020
44,Luis,North Drew,Bulgaria,15-05-2022
45,Rhonda,Lake Lindaburgh,Monaco,06-12-2021
46,Joanne,Gwendolynview,Palau,01-07-2020
47,Geoffrey,Zimmermanland,Uzbekistan,23-04-2020
48,Gloria,North Kerriton,Ghana,11-03-2022
49,Brady,North Eileenville,United Arab Emirates,10-03-2022
50,Latoya,Port Sergiofort,Belarus,02-12-2021
51,Gerald,New Alberttown,Canada,19-03-2021
52,Samuel,South Jasmine,Algeria,27-03-2021
53,Patricia,Cowanfort,Swaziland,08-03-2021
54,Stacie,New Deborah,Madagascar,15-10-2020
55,Robin,Wallstown,Ecuador,13-01-2022
56,Ralph,Lake Ellenchester,Palestinian Territory,25-05-2020
57,Phyllis,Lake Whitney,Saint Barthelemy,25-01-2021
58,Danny,East Jaredbury,United Arab Emirates,17-03-2021
59,Kathy,Selenabury,South Georgia and the South Sandwich Islands,15-11-2020
60,Kelli,Huangfort,Sao Tome and Principe,20-12-2020
61,Lynn,East Pennyshire,Portugal,21-08-2020
62,Shelley,Port Jasminborough,Togo,10-12-2020
63,Eddie,West Kristine,Ethiopia,24-03-2022
64,Chloe,South Julia,Netherlands,15-05-2022
65,Eileen,Helenborough,Liberia,02-01-2021
66,Fernando,Lake Nancy,Lithuania,23-04-2021
67,Makayla,Georgeport,New Caledonia,20-01-2020
68,Tom,South Sophiaberg,Kiribati,18-08-2020
69,Virginia,Hartbury,French Southern Territories,31-01-2021
70,Riley,Erikaville,Canada,03-02-2020
71,Alexandria,Nicolasfort,Iran,20-02-2021
72,Richard,New Jasmineshire,Morocco,23-02-2020
73,Candice,East Summerstad,Zimbabwe,22-08-2020
74,Anita,Skinnerport,Russian Federation,09-02-2020
75,Regina,Raystad,Solomon Islands,15-01-2022
76,Debra,Colinhaven,United States Virgin Islands,11-07-2020
77,Brittany,West Reginald,Kyrgyz Republic,24-07-2021
78,Cassidy,Lake Sherryborough,Myanmar,21-10-2020
79,Laurie,Port Katherineville,Dominica,08-06-2020
80,Alejandro,Thomasland,Iceland,19-09-2020
81,Leslie,Coreybury,Micronesia,13-11-2021
82,Kathleen,Lake Janiceton,Saint Vincent and the Grenadines,12-09-2021
83,Hunter,East Clinton,Isle of Man,28-12-2020
84,Chad,South Joshuashire,Oman,15-11-2021
85,Corey,New Glenda,Fiji,18-02-2020
86,Emma,North Jillianview,New Zealand,13-05-2022
87,Duane,Lyonsberg,Maldives,21-07-2020
88,Alison,East Cristinabury,Benin,10-11-2020
89,Vernon,Thomasfurt,Yemen,15-04-2021
90,Lori,North Joeburgh,Namibia,09-01-2021
91,Nina,Cassidychester,Bhutan,26-03-2020
92,Shane,South Dannymouth,Hungary,06-07-2021
93,Collin,South Lonnie,Anguilla,29-06-2021
94,Sherry,Frankchester,Solomon Islands,04-04-2021
95,Darrell,Daisyborough,Mali,17-02-2022
96,Karl,East Richard,Guyana,30-01-2022
97,Lynn,New Bradview,Sri Lanka,10-07-2021
98,Fred,Ortegaland,Solomon Islands,18-09-2021
99,Yvonne,Lake Elijahview,Aruba,11-08-2021
100,Clarence,Judymouth,Honduras,11-03-2020
